,name,file_format,dataset
0,c2_data/1st-parliament-of-canada-enhanced,tsv,c2_data
1,c2_data/who-is-who-at-the-history-of-love-by,tsv,c2_data
2,c2_data/lunar-lacus-nomenclature,tsv,c2_data
3,c2_data/test2-6,tsv,c2_data
4,c2_data/aiga-next-2007-attendees-from-colora,tsv,c2_data
5,c2_data/email-received-2,tsv,c2_data
6,c2_data/maryland-2005-06-mens-basketball-div,tsv,c2_data
7,c2_data/planet-mars-2,tsv,c2_data
8,c2_data/o-2,tsv,c2_data
9,c2_data/dataloss,tsv,c2_data
10,c2_data/plain-integers,tsv,c2_data
11,nyc_open_data/2010_Gen_Ed_Survey_Data.csv,csv,nyc_open_data
12,nyc_open_data/2013_NYC_School_Survey.csv,csv,nyc_open_data
13,nyc_open_data/2232-dj5q.csv,csv,nyc_open_data
14,nyc_open_data/22gm-5ceg.csv,csv,nyc_open_data
15,nyc_open_data/22rr-ujq3.csv,csv,nyc_open_data
16,nyc_open_data/23z9-6uk9.csv,csv,nyc_open_data
17,nyc_open_data/242c-ru4i.csv,csv,nyc_open_data
18,nyc_open_data/24nr-gahi.csv,csv,nyc_open_data
19,nyc_open_data/259a-b6s7.csv,csv,nyc_open_data
20,nyc_open_data/25aa-q86c.csv,csv,nyc_open_data
21,nyc_open_data/25cx-4jug.csv,csv,nyc_open_data
22,cds_climate/IGRA_H_20171123_20171123_global_cdm-lev_v1.csv,csv,cds_climate
22,cds_climate/IGS_20230330_20230330_global_cdm-lev_v1.csv,csv,cds_climate
23,cds_climate/surface-marine_sub-daily_2010-07-31_2010-07-31_global_csv-obs_50904510_v1.csv,csv,cds_climate
24,cds_climate/TotalOzone_20221207_20221207_global_cdm-lev_.csv,csv,cds_climate
25,cds_climate/uscrn_monthly_20211101_20211101_global_cdm-lev_v1.csv,csv,cds_climate
26,physionet/Dexcom_001.csv,csv,physionet
27,physionet/FLIR_group1.csv.csv,csv_3rows,physionet
28,physionet/Food_Log_001.csv,csv,physionet
29,physionet/PerformanceScores.csv,csv,physionet
30,physionet/waveform_note_links.csv,csv,physionet
